id,FirstName,LastName,Email,Gender
1,Marjorie,Rossborough,mrossborough0@mashable.com,Female
2,Gib,Whimp,gwhimp1@jimdo.com,Male
3,Natty,Siene,nsiene2@nyu.edu,Female
4,Wallie,Woodger,wwoodger3@fc2.com,Female
5,Cesare,Sharrem,csharrem4@washingtonpost.com,Male
6,Ann-marie,Gilardoni,agilardoni5@wufoo.com,Female
7,Matthias,Pargeter,mpargeter6@omniture.com,Male
8,Jameson,Matresse,jmatresse7@businessinsider.com,Male
9,Berk,Wrates,bwrates8@webmd.com,Male
10,Tim,Ledram,tledram9@tinyurl.com,Male
11,Angus,Lathy,alathya@360.cn,Male
12,Jinny,Adnams,jadnamsb@usatoday.com,Female
13,Gordan,Stit,gstitc@feedburner.com,Male
14,Charla,Sorrie,csorried@blog.com,Female
15,Sebastian,Potier,spotiere@nydailynews.com,Male
16,Prisca,Olesen,polesenf@feedburner.com,Female
17,Linet,Proppers,lproppersg@phpbb.com,Female
18,Aime,Trousdell,atrousdellh@istockphoto.com,Female
19,Waylon,Grunwall,wgrunwalli@nymag.com,Male
20,Gill,Shooter,gshooterj@ihg.com,Male
21,Cordy,Sleeman,csleemank@cyberchimps.com,Female
22,Neda,Give,ngivel@creativecommons.org,Female
23,Mab,Bold,mboldm@abc.net.au,Female
24,Vincenz,Stickells,vstickellsn@ezinearticles.com,Male
25,Jason,Snaden,jsnadeno@slate.com,Male
26,Henriette,Rosin,hrosinp@aboutads.info,Female
27,Marlane,Schimank,mschimankq@nba.com,Female
28,Ronda,Cockcroft,rcockcroftr@google.com.au,Female
29,Alfreda,Ughelli,aughellis@sourceforge.net,Female
30,Elia,Beardwell,ebeardwellt@is.gd,Male
31,Massimiliano,Oman,momanu@yelp.com,Male
32,Archibold,Feasley,afeasleyv@acquirethisname.com,Male
33,Kyle,Quiddihy,kquiddihyw@fotki.com,Female
34,Ezechiel,Haskell,ehaskellx@sitemeter.com,Male
35,Lilla,Beccera,lbecceray@craigslist.org,Female
36,Elliot,Lomas,elomasz@answers.com,Male
37,Olav,Ripley,oripley10@nifty.com,Male
38,Janos,Jenton,jjenton11@imgur.com,Male
39,Tobi,Carslake,tcarslake12@lycos.com,Female
40,Audre,Chillcot,achillcot13@redcross.org,Female
41,Flinn,Stickens,fstickens14@telegraph.co.uk,Male
42,Cass,Sharp,csharp15@google.co.jp,Male
43,Joline,Pinxton,jpinxton16@nba.com,Female
44,Garald,Hysom,ghysom17@typepad.com,Male
45,Idalina,McElvogue,imcelvogue18@java.com,Female
46,Dorian,Pyrton,dpyrton19@gmpg.org,Female
47,Cort,Skain,cskain1a@walmart.com,Male
48,Ansell,Hailston,ahailston1b@seesaa.net,Male
49,Brendis,MacGee,bmacgee1c@google.cn,Male
50,Kipper,Moultrie,kmoultrie1d@goo.ne.jp,Male
51,Townsend,Somerled,tsomerled1e@about.me,Male
52,Clair,Lissimore,clissimore1f@plala.or.jp,Female
53,Audi,Perez,aperez1g@angelfire.com,Female
54,Alick,Cockshoot,acockshoot1h@slideshare.net,Male
55,Emera,Pidgin,epidgin1i@facebook.com,Female
56,Vance,Begent,vbegent1j@intel.com,Male
57,Clarissa,Searchfield,csearchfield1k@mtv.com,Female
58,Dunn,Gaskamp,dgaskamp1l@youku.com,Male
59,Adrianne,Pennell,apennell1m@tripod.com,Female
60,Bartram,Wiffill,bwiffill1n@simplemachines.org,Male
61,Allen,Calles,acalles1o@a8.net,Male
62,Bogey,Attwell,battwell1p@furl.net,Male
63,Sacha,Jeannaud,sjeannaud1q@msn.com,Female
64,Sigismondo,Bollom,sbollom1r@earthlink.net,Male
65,Charlotte,Ricciardelli,cricciardelli1s@npr.org,Female
66,Rodney,Frood,rfrood1t@arizona.edu,Male
67,Glennie,Buckston,gbuckston1u@nsw.gov.au,Female
68,Bron,Cheater,bcheater1v@privacy.gov.au,Male
69,Berget,Tolossi,btolossi1w@livejournal.com,Female
70,Lloyd,Philippe,lphilippe1x@mediafire.com,Male
71,Judie,Lockart,jlockart1y@wunderground.com,Female
72,Lezlie,Baseggio,lbaseggio1z@homestead.com,Female
73,Aland,Morling,amorling20@github.io,Male
74,Bronny,Eykel,beykel21@indiatimes.com,Male
75,Gaynor,Cardenosa,gcardenosa22@boston.com,Female
76,Lon,Skipper,lskipper23@pbs.org,Male
77,Delainey,Bradie,dbradie24@house.gov,Male
78,Stanislas,Goward,sgoward25@last.fm,Male
79,Jarad,Farfolomeev,jfarfolomeev26@whitehouse.gov,Male
80,Herold,Snodin,hsnodin27@sciencedaily.com,Male
81,Kristyn,Tatham,ktatham28@reverbnation.com,Female
82,Gabbey,Hernik,ghernik29@stanford.edu,Female
83,Erina,Pearne,epearne2a@ca.gov,Female
84,Verne,Scholl,vscholl2b@miitbeian.gov.cn,Male
85,Elizabeth,Donohoe,edonohoe2c@unicef.org,Female
86,Marney,Rameaux,mrameaux2d@elegantthemes.com,Female
87,Reamonn,Colhoun,rcolhoun2e@unblog.fr,Male
88,Ariel,Woliter,awoliter2f@blogs.com,Female
89,Berny,Wrankmore,bwrankmore2g@tmall.com,Female
90,Marlow,Browning,mbrowning2h@amazonaws.com,Male
91,Kelci,Hove,khove2i@scribd.com,Female
92,Janek,Vautre,jvautre2j@hostgator.com,Male
93,Erica,Tofts,etofts2k@nydailynews.com,Female
94,Filberte,Montgomery,fmontgomery2l@pagesperso-orange.fr,Male
95,Marty,Barrows,mbarrows2m@shareasale.com,Male
96,Ainslie,Boggish,aboggish2n@independent.co.uk,Female
97,Prue,Barraclough,pbarraclough2o@techcrunch.com,Female
98,Dorie,Bithany,dbithany2p@deliciousdays.com,Female
99,Dalis,Martijn,dmartijn2q@list-manage.com,Male
100,Richardo,Paliser,rpaliser2r@livejournal.com,Male
101,Finlay,Critten,fcritten2s@narod.ru,Male
102,Geri,Lemanu,glemanu2t@prweb.com,Female
103,David,Oke,doke2u@abc.net.au,Male
104,Konstantin,Chick,kchick2v@nsw.gov.au,Male
105,Antonius,Fillery,afillery2w@cam.ac.uk,Male
106,Darn,Churm,dchurm2x@ucoz.ru,Male
107,Orlan,Cuxson,ocuxson2y@canalblog.com,Male
108,Brinna,Frowing,bfrowing2z@ebay.com,Female
109,Ezequiel,Skillman,eskillman30@boston.com,Male
110,Stefania,Emblen,semblen31@noaa.gov,Female
111,Will,Marchant,wmarchant32@google.ru,Male
112,Oran,Jephcote,ojephcote33@marriott.com,Male
113,Roscoe,Conisbee,rconisbee34@businesswire.com,Male
114,Pail,Wellstead,pwellstead35@livejournal.com,Male
115,Gerrie,McCaughran,gmccaughran36@adobe.com,Female
116,Patrice,Treswell,ptreswell37@bravesites.com,Male
117,Eveline,Frantz,efrantz38@wiley.com,Female
118,Harlen,Mateuszczyk,hmateuszczyk39@fc2.com,Male
119,Ossie,Kikke,okikke3a@psu.edu,Male
120,Mikey,Bausor,mbausor3b@cbslocal.com,Male
121,Verile,Cornilli,vcornilli3c@csmonitor.com,Female
122,Niel,Gabey,ngabey3d@seattletimes.com,Male
123,Layne,Erskine,lerskine3e@unc.edu,Female
124,Chris,Leavey,cleavey3f@com.com,Male
125,Garnet,O'Hone,gohone3g@smh.com.au,Female
126,Salvidor,Gamil,sgamil3h@youku.com,Male
127,Tuck,Stone,tstone3i@plala.or.jp,Male
128,Klement,Tunnadine,ktunnadine3j@tumblr.com,Male
129,Mar,Summerside,msummerside3k@patch.com,Male
130,Staffard,Mandres,smandres3l@google.pl,Male
131,Ilsa,Fibbens,ifibbens3m@xinhuanet.com,Female
132,Derk,Reinmar,dreinmar3n@disqus.com,Male
133,Amalle,Danslow,adanslow3o@xinhuanet.com,Female
134,Thaddeus,Busst,tbusst3p@nasa.gov,Male
135,Lukas,Beamiss,lbeamiss3q@dyndns.org,Male
136,Shurwood,Willmont,swillmont3r@e-recht24.de,Male
137,Philbert,Jefferson,pjefferson3s@vistaprint.com,Male
138,Derward,Raiston,draiston3t@npr.org,Male
139,Eleni,Gaskarth,egaskarth3u@psu.edu,Female
140,Cordelie,Hortop,chortop3v@geocities.jp,Female
141,Whitman,Hritzko,whritzko3w@g.co,Male
142,L;urette,Van Dalen,lvandalen3x@amazon.com,Female
143,Kerrie,Strephan,kstrephan3y@springer.com,Female
144,Findlay,Grzelczyk,fgrzelczyk3z@abc.net.au,Male
145,Cariotta,Tubble,ctubble40@imgur.com,Female
146,Talbert,Alliot,talliot41@state.tx.us,Male
147,Nannie,Rospars,nrospars42@state.gov,Female
148,William,Asple,wasple43@independent.co.uk,Male
149,Katti,Scoble,kscoble44@godaddy.com,Female
150,Andrei,Hinchcliffe,ahinchcliffe45@fc2.com,Female
151,Cherilynn,Pinel,cpinel46@tripadvisor.com,Female
152,Gerald,McGriffin,gmcgriffin47@sun.com,Male
153,Pet,Camerello,pcamerello48@wikipedia.org,Female
154,Delcine,McClintock,dmcclintock49@vk.com,Female
155,Armando,Sproston,asproston4a@nytimes.com,Male
156,Harper,Clemetts,hclemetts4b@ask.com,Male
157,Dudley,Goodwill,dgoodwill4c@discovery.com,Male
158,Leanora,Bickerton,lbickerton4d@gravatar.com,Female
159,Vickie,Huet,vhuet4e@dailymail.co.uk,Female
160,Elise,Felkin,efelkin4f@wordpress.com,Female
161,Randa,Kempston,rkempston4g@nih.gov,Female
162,Noah,Paulack,npaulack4h@disqus.com,Male
163,Ellwood,Sadgrove,esadgrove4i@cmu.edu,Male
164,Pauly,Malacrida,pmalacrida4j@gizmodo.com,Male
165,Doralin,Belhome,dbelhome4k@acquirethisname.com,Female
166,Stillman,Caen,scaen4l@dailymotion.com,Male
167,Leontyne,Engel,lengel4m@twitter.com,Female
168,Rickey,Hamber,rhamber4n@example.com,Male
169,Ethe,Megarrell,emegarrell4o@biblegateway.com,Male
170,Harriet,Nudds,hnudds4p@alexa.com,Female
171,Inesita,Raphael,iraphael4q@berkeley.edu,Female
172,Analiese,Jays,ajays4r@surveymonkey.com,Female
173,Doralynn,Ambage,dambage4s@miitbeian.gov.cn,Female
174,Merrill,Wright,mwright4t@ftc.gov,Male
175,Carlotta,Setterington,csetterington4u@seesaa.net,Female
176,Tanitansy,Alti,talti4v@about.com,Female
177,Wilfrid,Layland,wlayland4w@51.la,Male
178,Konstanze,Fears,kfears4x@weather.com,Female
179,Jamesy,Keohane,jkeohane4y@eventbrite.com,Male
180,Orelee,Fussell,ofussell4z@utexas.edu,Female
181,Filbert,Seckom,fseckom50@addthis.com,Male
182,Gabriell,Sines,gsines51@usda.gov,Female
183,Alisander,Dannohl,adannohl52@networkadvertising.org,Male
184,Stanton,Odegaard,sodegaard53@t-online.de,Male
185,Pierette,Lamberto,plamberto54@networkadvertising.org,Female
186,Jedidiah,Woliter,jwoliter55@europa.eu,Male
187,Holden,Kemp,hkemp56@php.net,Male
188,Cornie,Fruen,cfruen57@macromedia.com,Male
189,Neville,Stockow,nstockow58@usda.gov,Male
190,Adelle,Stivers,astivers59@techcrunch.com,Female
191,Amii,Matysik,amatysik5a@wordpress.com,Female
192,Modesty,Barbour,mbarbour5b@globo.com,Female
193,Bertram,McKibbin,bmckibbin5c@china.com.cn,Male
194,Tedman,Calabry,tcalabry5d@com.com,Male
195,Johanna,Hawsby,jhawsby5e@cdc.gov,Female
196,Sibbie,Sketcher,ssketcher5f@princeton.edu,Female
197,Wilbert,Paulot,wpaulot5g@storify.com,Male
198,Tracy,Inchbald,tinchbald5h@1688.com,Male
199,Danie,Boniface,dboniface5i@scribd.com,Male
200,Irwinn,Struis,istruis5j@hugedomains.com,Male
201,Marlena,Seebright,mseebright5k@joomla.org,Female
202,Sherri,Cardenosa,scardenosa5l@dyndns.org,Female
203,Zacherie,Force,zforce5m@miibeian.gov.cn,Male
204,Lola,Costley,lcostley5n@washington.edu,Female
205,Viki,Fall,vfall5o@cloudflare.com,Female
206,Cort,Habbershon,chabbershon5p@state.gov,Male
207,Sayres,Ingerman,singerman5q@wisc.edu,Male
208,Libbie,Phaup,lphaup5r@phpbb.com,Female
209,Marketa,Bridger,mbridger5s@apple.com,Female
210,Almeta,Houndsom,ahoundsom5t@walmart.com,Female
211,Roberto,Cottam,rcottam5u@shutterfly.com,Male
212,Nester,Blanc,nblanc5v@homestead.com,Male
213,Killy,Tatlowe,ktatlowe5w@princeton.edu,Male
214,Rolfe,Skones,rskones5x@google.com.br,Male
215,Brandais,Goring,bgoring5y@cmu.edu,Female
216,Jdavie,Blake,jblake5z@360.cn,Male
217,Darbie,Mapledoram,dmapledoram60@wiley.com,Female
218,Clifford,Duplan,cduplan61@usatoday.com,Male
219,Hildegaard,Lindgren,hlindgren62@wsj.com,Female
220,Tania,Scorrer,tscorrer63@ifeng.com,Female
221,Dona,Aronovitz,daronovitz64@patch.com,Female
222,Maxim,Deevey,mdeevey65@sourceforge.net,Male
223,Susan,Gaggen,sgaggen66@goo.gl,Female
224,Marris,Gadeaux,mgadeaux67@purevolume.com,Female
225,Raphaela,Lawrance,rlawrance68@jugem.jp,Female
226,Gibbie,Lucock,glucock69@studiopress.com,Male
227,Ode,Iggalden,oiggalden6a@wunderground.com,Male
228,Demetria,Gutowski,dgutowski6b@photobucket.com,Female
229,Hilly,Fautly,hfautly6c@examiner.com,Male
230,Carey,Lezemore,clezemore6d@amazon.com,Female
231,Lyndsay,Pollins,lpollins6e@wp.com,Female
232,Pansie,Handy,phandy6f@bbc.co.uk,Female
233,Nichole,Bilsland,nbilsland6g@taobao.com,Female
234,Garwood,Filyashin,gfilyashin6h@cbc.ca,Male
235,Alfred,Dickman,adickman6i@dion.ne.jp,Male
236,Lauren,Roddick,lroddick6j@alexa.com,Male
237,Kippy,Burnhard,kburnhard6k@reference.com,Male
238,Filia,Delgardo,fdelgardo6l@webs.com,Female
239,Lavena,Whiff,lwhiff6m@auda.org.au,Female
240,Sebastien,Ketts,sketts6n@baidu.com,Male
241,Shirley,Bangs,sbangs6o@springer.com,Female
242,Briant,Petrusch,bpetrusch6p@mit.edu,Male
243,Worden,Tumilty,wtumilty6q@state.tx.us,Male
244,Findlay,Brower,fbrower6r@jigsy.com,Male
245,Chrissie,Halhead,chalhead6s@jalbum.net,Female
246,Ruthie,McKinty,rmckinty6t@angelfire.com,Female
247,Jeana,Barrett,jbarrett6u@harvard.edu,Female
248,Janeva,De la Perrelle,jdelaperrelle6v@purevolume.com,Female
249,Mort,Lesaunier,mlesaunier6w@sciencedirect.com,Male
250,Jerrilee,Etches,jetches6x@issuu.com,Female
251,Pamela,Catto,pcatto6y@mail.ru,Female
252,Royal,Chasles,rchasles6z@goo.ne.jp,Male
253,Eyde,Phlipon,ephlipon70@netvibes.com,Female
254,Rog,Mc Menamin,rmcmenamin71@umn.edu,Male
255,Adelind,Erskine,aerskine72@surveymonkey.com,Female
256,Finlay,Cohane,fcohane73@disqus.com,Male
257,Petronille,Bamber,pbamber74@usatoday.com,Female
258,Verge,Chaffyn,vchaffyn75@barnesandnoble.com,Male
259,Lazarus,Gronowe,lgronowe76@google.com.br,Male
260,Lesli,Sparkwell,lsparkwell77@wufoo.com,Female
261,Erda,Sambedge,esambedge78@macromedia.com,Female
262,Benedetto,Lodwick,blodwick79@cdc.gov,Male
263,Jim,Fills,jfills7a@squidoo.com,Male
264,Martin,Castellino,mcastellino7b@icq.com,Male
265,Edeline,Guarnier,eguarnier7c@yahoo.com,Female
266,Rachelle,Gommey,rgommey7d@live.com,Female
267,Kaycee,Robeson,krobeson7e@123-reg.co.uk,Female
268,Westleigh,Redsall,wredsall7f@1688.com,Male
269,Gawain,Szapiro,gszapiro7g@altervista.org,Male
270,Karalynn,Glasscock,kglasscock7h@wunderground.com,Female
271,Caitrin,Sokill,csokill7i@blogtalkradio.com,Female
272,Rancell,Spottiswoode,rspottiswoode7j@imdb.com,Male
273,Davon,Stebbings,dstebbings7k@umich.edu,Male
274,Gamaliel,Esslement,gesslement7l@diigo.com,Male
275,Trudey,Janous,tjanous7m@github.io,Female
276,Melly,Ellens,mellens7n@live.com,Female
277,Traci,Allday,tallday7o@sphinn.com,Female
278,Eddy,Cudde,ecudde7p@ifeng.com,Male
279,Biron,Mewitt,bmewitt7q@soup.io,Male
280,Trip,Avard,tavard7r@pen.io,Male
281,Hagan,Loddon,hloddon7s@sciencedirect.com,Male
282,Christin,Dmitrievski,cdmitrievski7t@mozilla.com,Female
283,Orrin,Coaker,ocoaker7u@bing.com,Male
284,Corella,Fairfull,cfairfull7v@paypal.com,Female
285,Ianthe,Duhig,iduhig7w@mysql.com,Female
286,Dione,McKoy,dmckoy7x@ovh.net,Female
287,Padgett,Crosdill,pcrosdill7y@jimdo.com,Male
288,Felice,Ubee,fubee7z@bloglines.com,Male
289,Millard,Ditty,mditty80@eepurl.com,Male
290,Sandye,Rutigliano,srutigliano81@nbcnews.com,Female
291,Anallese,Treend,atreend82@naver.com,Female
292,Hardy,Doe,hdoe83@uiuc.edu,Male
293,Max,Odda,modda84@japanpost.jp,Female
294,Silvie,Milesop,smilesop85@blogs.com,Female
295,Byrle,MacCartair,bmaccartair86@businessinsider.com,Male
296,Alphonse,Tatteshall,atatteshall87@hao123.com,Male
297,Erastus,Gorring,egorring88@cmu.edu,Male
298,Romona,Criag,rcriag89@seattletimes.com,Female
299,Creigh,Andrasch,candrasch8a@ihg.com,Male
300,Baudoin,Trewartha,btrewartha8b@sphinn.com,Male
301,Melina,Walesby,mwalesby8c@rakuten.co.jp,Female
302,Evelyn,Paridge,eparidge8d@typepad.com,Female
303,Wenona,Greiser,wgreiser8e@sitemeter.com,Female
304,Hayley,Vuitton,hvuitton8f@chronoengine.com,Female
305,Bill,Morot,bmorot8g@naver.com,Male
306,Cindy,Pavlovsky,cpavlovsky8h@unicef.org,Female
307,Sara-ann,Shuxsmith,sshuxsmith8i@icio.us,Female
308,Willy,Neate,wneate8j@deliciousdays.com,Male
309,Bernette,Roblin,broblin8k@ovh.net,Female
310,Fayre,Einchcombe,feinchcombe8l@themeforest.net,Female
311,Paige,Summerbell,psummerbell8m@usnews.com,Male
312,Joya,Elliss,jelliss8n@so-net.ne.jp,Female
313,Gwenette,Trudgion,gtrudgion8o@51.la,Female
314,Levey,Exeter,lexeter8p@virginia.edu,Male
315,Petronella,O'Neil,poneil8q@princeton.edu,Female
316,Layla,Maymand,lmaymand8r@topsy.com,Female
317,Abner,Stanmer,astanmer8s@google.pl,Male
318,Lion,Claremont,lclaremont8t@sfgate.com,Male
319,Gasparo,Battleson,gbattleson8u@microsoft.com,Male
320,Holmes,Pidgeon,hpidgeon8v@telegraph.co.uk,Male
321,Leonanie,Dellit,ldellit8w@shareasale.com,Female
322,Ilene,Atwill,iatwill8x@paypal.com,Female
323,Darsie,Pirolini,dpirolini8y@salon.com,Female
324,Beaufort,Thornally,bthornally8z@vistaprint.com,Male
325,Gifford,Feldbau,gfeldbau90@bloomberg.com,Male
326,Ryun,Bolesworth,rbolesworth91@ocn.ne.jp,Male
327,Robena,Jodrelle,rjodrelle92@drupal.org,Female
328,Francisco,Karus,fkarus93@squarespace.com,Male
329,Edsel,Britten,ebritten94@mlb.com,Male
330,Hollis,McCloughlin,hmccloughlin95@yandex.ru,Male
331,Chrotoem,Seathwright,cseathwright96@trellian.com,Male
332,Hanni,McCready,hmccready97@flavors.me,Female
333,Sim,Godman,sgodman98@china.com.cn,Male
334,Garv,Viccars,gviccars99@auda.org.au,Male
335,Cacilia,Gurry,cgurry9a@ft.com,Female
336,Livvyy,Vinnicombe,lvinnicombe9b@bizjournals.com,Female
337,Deanne,Chetwynd,dchetwynd9c@loc.gov,Female
338,Ardella,Chesterton,achesterton9d@technorati.com,Female
339,Katharyn,Belchamber,kbelchamber9e@dot.gov,Female
340,Rora,Kahler,rkahler9f@blog.com,Female
341,Clemmy,Wasmer,cwasmer9g@godaddy.com,Male
342,Ilka,Caslin,icaslin9h@ihg.com,Female
343,Keely,Kay,kkay9i@engadget.com,Female
344,Devina,Holligan,dholligan9j@prlog.org,Female
345,Cherry,Lanston,clanston9k@nhs.uk,Female
346,Polly,Kleine,pkleine9l@hatena.ne.jp,Female
347,Magdalena,Gabbot,mgabbot9m@usnews.com,Female
348,Grier,Eate,geate9n@google.ca,Female
349,Sidney,Franciotti,sfranciotti9o@facebook.com,Male
350,Lacie,Tavner,ltavner9p@nsw.gov.au,Female
351,Blayne,Fennelow,bfennelow9q@ted.com,Male
352,Bernetta,Osichev,bosichev9r@loc.gov,Female
353,Taber,Gerson,tgerson9s@japanpost.jp,Male
354,Svend,Hoy,shoy9t@fc2.com,Male
355,Charlene,Houlison,choulison9u@photobucket.com,Female
356,Lukas,Manford,lmanford9v@delicious.com,Male
357,Donelle,Bowcock,dbowcock9w@phoca.cz,Female
358,Cynthia,Cuchey,ccuchey9x@weibo.com,Female
359,Fanya,Hatfield,fhatfield9y@ucoz.com,Female
360,Ammamaria,Christall,achristall9z@123-reg.co.uk,Female
361,Matilda,Jacquemot,mjacquemota0@huffingtonpost.com,Female
362,Cory,Simnor,csimnora1@imdb.com,Male
363,Tamera,Raoult,traoulta2@webnode.com,Female
364,Sandye,Bachmann,sbachmanna3@wikimedia.org,Female
365,Lisetta,Pooley,lpooleya4@thetimes.co.uk,Female
366,Hyatt,Medd,hmedda5@networksolutions.com,Male
367,Ervin,Uccelli,euccellia6@altervista.org,Male
368,Farrand,Twamley,ftwamleya7@ycombinator.com,Female
369,Roxane,Sandham,rsandhama8@google.nl,Female
370,Britteny,Wallett,bwalletta9@businessweek.com,Female
371,Delly,Locard,dlocardaa@nba.com,Female
372,Nicholas,Munroe,nmunroeab@nationalgeographic.com,Male
373,Lizabeth,Costelow,lcostelowac@marriott.com,Female
374,Pansy,Cohani,pcohaniad@mit.edu,Female
375,Winny,Kemetz,wkemetzae@pinterest.com,Male
376,Jeffie,Ricciardelli,jricciardelliaf@nba.com,Male
377,Barry,Hoopper,bhoopperag@apache.org,Female
378,Donall,Brightman,dbrightmanah@harvard.edu,Male
379,Josefina,Ormiston,jormistonai@opensource.org,Female
380,Catlin,Baise,cbaiseaj@plala.or.jp,Female
381,Maxy,Liebmann,mliebmannak@hc360.com,Female
382,Patrizio,Francey,pfranceyal@alexa.com,Male
383,Augie,Fenelow,afenelowam@oakley.com,Male
384,Jack,Forrest,jforrestan@ocn.ne.jp,Male
385,Irvin,Danilchenko,idanilchenkoao@upenn.edu,Male
386,Pandora,Vondracek,pvondracekap@techcrunch.com,Female
387,Brocky,Gianilli,bgianilliaq@salon.com,Male
388,Farand,Bockman,fbockmanar@list-manage.com,Female
389,Michaelina,Zorzoni,mzorzonias@behance.net,Female
390,Ceciley,Rainger,craingerat@mit.edu,Female
391,Bret,Celier,bcelierau@scientificamerican.com,Male
392,Ibby,Ramos,iramosav@google.com.au,Female
393,Hew,Castagneri,hcastagneriaw@craigslist.org,Male
394,Carlye,Wain,cwainax@odnoklassniki.ru,Female
395,Scarface,Loughlan,sloughlanay@people.com.cn,Male
396,Janka,Nan Carrow,jnancarrowaz@twitpic.com,Female
397,Tonya,List,tlistb0@mayoclinic.com,Female
398,Harvey,Worcs,hworcsb1@ask.com,Male
399,Idaline,Mehmet,imehmetb2@weibo.com,Female
400,Fred,Ryan,fryanb3@earthlink.net,Male
401,Fidela,Rowan,frowanb4@fc2.com,Female
402,Leisha,Tilley,ltilleyb5@census.gov,Female
403,Gisela,Street,gstreetb6@boston.com,Female
404,Culley,Raynor,craynorb7@cyberchimps.com,Male
405,Emmalynn,Solland,esollandb8@imdb.com,Female
406,Reinaldo,Waddie,rwaddieb9@sogou.com,Male
407,Xylia,Rings,xringsba@reverbnation.com,Female
408,Bendicty,Maciejak,bmaciejakbb@marriott.com,Male
409,Kaine,Siemons,ksiemonsbc@ycombinator.com,Male
410,Christiana,Fivey,cfiveybd@constantcontact.com,Female
411,Drew,Bussy,dbussybe@unc.edu,Male
412,Anna-diana,Comiam,acomiambf@newsvine.com,Female
413,Delcine,Meekings,dmeekingsbg@forbes.com,Female
414,Yvette,Vercruysse,yvercruyssebh@paginegialle.it,Female
415,Renaud,de Werk,rdewerkbi@wikimedia.org,Male
416,Kellby,Pretsell,kpretsellbj@php.net,Male
417,Etheline,Lethardy,elethardybk@vimeo.com,Female
418,Aubrie,McGill,amcgillbl@gov.uk,Female
419,Andreas,Laurie,alauriebm@gizmodo.com,Male
420,Terencio,Swin,tswinbn@gravatar.com,Male
421,Elbertina,MacKnight,emacknightbo@state.tx.us,Female
422,Kyrstin,Melesk,kmeleskbp@sina.com.cn,Female
423,Hynda,Sinkinson,hsinkinsonbq@unesco.org,Female
424,Bernarr,Boyington,bboyingtonbr@jalbum.net,Male
425,Judah,Govenlock,jgovenlockbs@uiuc.edu,Male
426,Michaelina,Dimmer,mdimmerbt@amazon.de,Female
427,Benedikta,Serjeant,bserjeantbu@rakuten.co.jp,Female
428,Nissie,Jayne,njaynebv@exblog.jp,Female
429,Julietta,Morgue,jmorguebw@jimdo.com,Female
430,Pierette,Kilgrew,pkilgrewbx@cargocollective.com,Female
431,Dorie,Wadwell,dwadwellby@auda.org.au,Female
432,Papagena,Karet,pkaretbz@irs.gov,Female
433,Yvette,Bowller,ybowllerc0@php.net,Female
434,Dari,Simchenko,dsimchenkoc1@livejournal.com,Female
435,Stephana,Ankers,sankersc2@sina.com.cn,Female
436,Eduardo,Sorley,esorleyc3@nsw.gov.au,Male
437,Gui,Brosnan,gbrosnanc4@ocn.ne.jp,Female
438,Agnola,Monini,amoninic5@yellowpages.com,Female
439,Shaine,Arnell,sarnellc6@hp.com,Female
440,Chic,Chasmar,cchasmarc7@oracle.com,Male
441,Agnesse,Dibson,adibsonc8@ow.ly,Female
442,Henriette,Lovering,hloveringc9@shop-pro.jp,Female
443,Cinnamon,De Bell,cdebellca@jugem.jp,Female
444,Cathi,Leither,cleithercb@reference.com,Female
445,Eadith,Argo,eargocc@gmpg.org,Female
446,Didi,McCracken,dmccrackencd@topsy.com,Female
447,Reg,Sprosson,rsprossonce@aol.com,Male
448,Libbey,Heaphy,lheaphycf@comsenz.com,Female
449,Rriocard,Saphir,rsaphircg@g.co,Male
450,Julianne,Tie,jtiech@simplemachines.org,Female
451,Abigael,Burfitt,aburfittci@webs.com,Female
452,Terrijo,Kennler,tkennlercj@google.it,Female
453,Byran,Finch,bfinchck@unc.edu,Male
454,Terencio,Prime,tprimecl@yandex.ru,Male
455,Berne,Attwool,battwoolcm@e-recht24.de,Male
456,Baron,Bennis,bbenniscn@mapquest.com,Male
457,Anastassia,Antonijevic,aantonijevicco@discuz.net,Female
458,Zed,Graeber,zgraebercp@addtoany.com,Male
459,Andria,Arrowsmith,aarrowsmithcq@washington.edu,Female
460,Hebert,Havill,hhavillcr@hostgator.com,Male
461,Aretha,Poveleye,apoveleyecs@java.com,Female
462,Rosabella,Shovelin,rshovelinct@youtube.com,Female
463,Miriam,Slocomb,mslocombcu@hhs.gov,Female
464,Giulio,Biggins,gbigginscv@youku.com,Male
465,Major,Paulet,mpauletcw@stumbleupon.com,Male
466,Octavius,Kimberley,okimberleycx@jimdo.com,Male
467,Kellina,Petricek,kpetricekcy@163.com,Female
468,Adelaide,Milburne,amilburnecz@deliciousdays.com,Female
469,Grazia,Skamell,gskamelld0@bing.com,Female
470,Blisse,Squibbes,bsquibbesd1@so-net.ne.jp,Female
471,Lawry,Tume,ltumed2@usa.gov,Male
472,Zeke,Drissell,zdrisselld3@google.co.jp,Male
473,Rhett,Axton,raxtond4@livejournal.com,Male
474,Kirby,Doxsey,kdoxseyd5@alexa.com,Female
475,Raviv,Cranny,rcrannyd6@wordpress.org,Male
476,Zechariah,Roalfe,zroalfed7@webmd.com,Male
477,Elberta,Schimke,eschimked8@freewebs.com,Female
478,Mortimer,Kennet,mkennetd9@apache.org,Male
479,Wilmar,Sloan,wsloanda@goo.ne.jp,Male
480,Maryjo,Hollingdale,mhollingdaledb@blinklist.com,Female
481,Trisha,MacLucais,tmaclucaisdc@utexas.edu,Female
482,Karlotta,Ridesdale,kridesdaledd@gizmodo.com,Female
483,Bancroft,Way,bwayde@sciencedaily.com,Male
484,Doe,Glamart,dglamartdf@ucoz.com,Female
485,Christiane,Dennis,cdennisdg@webeden.co.uk,Female
486,Pearline,Stanier,pstanierdh@disqus.com,Female
487,Abeu,Branigan,abranigandi@51.la,Male
488,Findlay,Philpotts,fphilpottsdj@reuters.com,Male
489,Matthaeus,Saltrese,msaltresedk@chicagotribune.com,Male
490,Allix,Alejo,aalejodl@edublogs.org,Female
491,Doe,Ivachyov,divachyovdm@taobao.com,Female
492,Gayel,Lodovichi,glodovichidn@google.nl,Female
493,Keary,Ilyinykh,kilyinykhdo@mlb.com,Male
494,Jillie,Cuncarr,jcuncarrdp@irs.gov,Female
495,Shalom,Kytley,skytleydq@bbb.org,Male
496,Hurlee,Broom,hbroomdr@biglobe.ne.jp,Male
497,Millard,Raggitt,mraggittds@ustream.tv,Male
498,Kiri,Boldry,kboldrydt@vimeo.com,Female
499,Evelin,Reddel,ereddeldu@cocolog-nifty.com,Male
500,Nicolis,Paike,npaikedv@purevolume.com,Male
501,Reuben,Elverston,relverstondw@zdnet.com,Male
502,Cirillo,Robez,crobezdx@sakura.ne.jp,Male
503,Almeda,Cattermole,acattermoledy@smugmug.com,Female
504,Lindy,Efford,lefforddz@mashable.com,Male
505,Chancey,Lahiff,clahiffe0@scribd.com,Male
506,Ellsworth,Craft,ecrafte1@sourceforge.net,Male
507,Odelia,Tellwright,otellwrighte2@nyu.edu,Female
508,Stu,Bever,sbevere3@narod.ru,Male
509,Alia,Ragbourne,aragbournee4@people.com.cn,Female
510,Wally,Klimentov,wklimentove5@arizona.edu,Male
511,Gustie,Barns,gbarnse6@example.com,Female
512,Orazio,Ragdale,oragdalee7@va.gov,Male
513,Arlette,Fairfoul,afairfoule8@tinyurl.com,Female
514,Holly,Bucklan,hbucklane9@admin.ch,Male
515,Mauricio,Pimmocke,mpimmockeea@hostgator.com,Male
516,Erinn,Canwell,ecanwelleb@wiley.com,Female
517,Dill,Denial,ddenialec@mail.ru,Male
518,Truman,Laux,tlauxed@is.gd,Male
519,Sephira,Poundesford,spoundesfordee@narod.ru,Female
520,Damian,Manhare,dmanhareef@google.fr,Male
521,Jory,Hamprecht,jhamprechteg@google.fr,Male
522,Doyle,Nansom,dnansomeh@eventbrite.com,Male
523,Ellerey,Streat,estreatei@gov.uk,Male
524,Aloisia,Pryn,aprynej@a8.net,Female
525,Atlanta,MacKowle,amackowleek@simplemachines.org,Female
526,Garnet,Carpe,gcarpeel@geocities.com,Female
527,Paton,Beall,pbeallem@ocn.ne.jp,Male
528,Gwendolyn,Rihosek,grihoseken@dell.com,Female
529,Karilynn,Bottoms,kbottomseo@vk.com,Female
530,Mohandas,Satcher,msatcherep@parallels.com,Male
531,Gerhardt,Howsego,ghowsegoeq@telegraph.co.uk,Male
532,Davita,Palek,dpaleker@clickbank.net,Female
533,Karisa,Hallad,khallades@statcounter.com,Female
534,Keri,Deroche,kderocheet@livejournal.com,Female
535,Curtice,Gooddy,cgooddyeu@soup.io,Male
536,Chandal,Mingotti,cmingottiev@google.fr,Female
537,Germain,Yanele,gyaneleew@yelp.com,Female
538,Boycie,Klinck,bklinckex@nymag.com,Male
539,Ryann,Pardon,rpardoney@tiny.cc,Female
540,Windham,Strettell,wstrettellez@home.pl,Male
541,Saundra,Caldes,scaldesf0@java.com,Female
542,Bibbye,Muncaster,bmuncasterf1@acquirethisname.com,Female
543,Tessi,Catherine,tcatherinef2@cisco.com,Female
544,Libbi,Ryland,lrylandf3@eventbrite.com,Female
545,Casar,Vasile,cvasilef4@nps.gov,Male
546,Adham,Bard,abardf5@photobucket.com,Male
547,Rollie,Bloschke,rbloschkef6@usda.gov,Male
548,Cesar,Benyan,cbenyanf7@people.com.cn,Male
549,Lance,Dalyiel,ldalyielf8@wufoo.com,Male
550,Harvey,Perazzo,hperazzof9@zimbio.com,Male
551,Holly,Dorsey,hdorseyfa@hexun.com,Female
552,Eddie,Diviny,edivinyfb@pinterest.com,Female
553,Odetta,Josefovic,ojosefovicfc@tripod.com,Female
554,Aviva,Grigoryov,agrigoryovfd@cloudflare.com,Female
555,Jud,Vala,jvalafe@dedecms.com,Male
556,Veradis,Gore,vgoreff@networkadvertising.org,Female
557,Felice,Saiz,fsaizfg@pagesperso-orange.fr,Female
558,Angie,Cridge,acridgefh@shutterfly.com,Male
559,Damara,Chace,dchacefi@google.es,Female
560,Lanita,Regnard,lregnardfj@ucsd.edu,Female
561,Drusy,Campes,dcampesfk@whitehouse.gov,Female
562,Ross,Hargerie,rhargeriefl@deliciousdays.com,Male
563,Hastie,Munt,hmuntfm@buzzfeed.com,Male
564,Dasya,Searles,dsearlesfn@livejournal.com,Female
565,Isadora,Chippin,ichippinfo@163.com,Female
566,Elaine,Leary,elearyfp@artisteer.com,Female
567,Nicoli,Phateplace,nphateplacefq@weibo.com,Female
568,Elinor,Burley,eburleyfr@live.com,Female
569,Natka,Padkin,npadkinfs@upenn.edu,Female
570,Dinnie,Francescotti,dfrancescottift@tumblr.com,Female
571,Hercules,Calfe,hcalfefu@wix.com,Male
572,Tabatha,Murricanes,tmurricanesfv@amazon.com,Female
573,Cliff,Hasell,chasellfw@globo.com,Male
574,Juditha,Francom,jfrancomfx@bloglovin.com,Female
575,Zoe,Cockcroft,zcockcroftfy@whitehouse.gov,Female
576,Ward,Tunnadine,wtunnadinefz@wp.com,Male
577,Reta,Sumption,rsumptiong0@joomla.org,Female
578,Janine,Flexman,jflexmang1@senate.gov,Female
579,Phip,Fermer,pfermerg2@reverbnation.com,Male
580,Joletta,Whipple,jwhippleg3@wisc.edu,Female
581,Thaddeus,Denes,tdenesg4@amazon.co.jp,Male
582,Kalina,Sancias,ksanciasg5@wufoo.com,Female
583,Bar,Armstead,barmsteadg6@google.ru,Male
584,Estevan,Sherer,eshererg7@seattletimes.com,Male
585,Emery,Canaan,ecanaang8@eepurl.com,Male
586,Belinda,Hughf,bhughfg9@nhs.uk,Female
587,Crystie,Kilfedder,ckilfedderga@aboutads.info,Female
588,Loise,Adriaens,ladriaensgb@cornell.edu,Female
589,Bernardo,Marlor,bmarlorgc@cmu.edu,Male
590,Zarah,Adlam,zadlamgd@blog.com,Female
591,Giulio,Dank,gdankge@hostgator.com,Male
592,Raven,Nend,rnendgf@prweb.com,Female
593,Karlotte,Jefford,kjeffordgg@nytimes.com,Female
594,Adair,Ferrulli,aferrulligh@telegraph.co.uk,Male
595,Xylia,Castelletti,xcastellettigi@webeden.co.uk,Female
596,Berrie,Brawn,bbrawngj@technorati.com,Female
597,Reed,Tigner,rtignergk@businessinsider.com,Male
598,Sven,Kirwan,skirwangl@cargocollective.com,Male
599,Adey,Laffranconi,alaffranconigm@ted.com,Female
600,Marisa,Perot,mperotgn@blogtalkradio.com,Female
601,Felicle,Claus,fclausgo@liveinternet.ru,Female
602,Michele,Bosence,mbosencegp@huffingtonpost.com,Male
603,Kayle,Dunphie,kdunphiegq@mediafire.com,Female
604,Travis,Shipston,tshipstongr@oaic.gov.au,Male
605,Larina,Turrill,lturrillgs@printfriendly.com,Female
606,Bert,Micklewicz,bmicklewiczgt@tripadvisor.com,Female
607,Craig,Hanstock,chanstockgu@thetimes.co.uk,Male
608,Siobhan,Scarlon,sscarlongv@flickr.com,Female
609,Ethelbert,Aleksidze,ealeksidzegw@google.nl,Male
610,Culley,Galton,cgaltongx@godaddy.com,Male
611,Des,A'field,dafieldgy@dot.gov,Male
612,Chancey,Shinefield,cshinefieldgz@utexas.edu,Male
613,Cherida,Breckenridge,cbreckenridgeh0@ihg.com,Female
614,Svend,Tipper,stipperh1@fotki.com,Male
615,Lynnette,Dryden,ldrydenh2@statcounter.com,Female
616,Humfrey,Kenneway,hkennewayh3@hao123.com,Male
617,Eveline,Aberhart,eaberharth4@yale.edu,Female
618,Berkley,Flowith,bflowithh5@livejournal.com,Male
619,Svend,Boram,sboramh6@economist.com,Male
620,Ogdon,Astlatt,oastlatth7@unblog.fr,Male
621,Ortensia,Purcer,opurcerh8@dion.ne.jp,Female
622,Demetris,Mumberson,dmumbersonh9@etsy.com,Male
623,Lorrayne,Huggons,lhuggonsha@t.co,Female
624,Federico,Sallenger,fsallengerhb@cmu.edu,Male
625,Allistir,Gallimore,agallimorehc@skyrock.com,Male
626,Nicoli,Cotes,ncoteshd@guardian.co.uk,Female
627,Francine,Hobden,fhobdenhe@jimdo.com,Female
628,Sampson,Corkel,scorkelhf@webnode.com,Male
629,Selie,Trowsdale,strowsdalehg@hibu.com,Female
630,Meade,Chipperfield,mchipperfieldhh@jugem.jp,Male
631,Crissie,Aleksankin,caleksankinhi@oracle.com,Female
632,Rey,Baigrie,rbaigriehj@w3.org,Female
633,Noland,Peppin,npeppinhk@trellian.com,Male
634,Leilah,Lowthian,llowthianhl@bbb.org,Female
635,Raphaela,Ludlam,rludlamhm@reddit.com,Female
636,Brook,Waterhous,bwaterhoushn@disqus.com,Male
637,Yankee,Ramalho,yramalhoho@sun.com,Male
638,Shandee,Buffin,sbuffinhp@google.pl,Female
639,Orelle,Clemencon,oclemenconhq@cornell.edu,Female
640,Irvin,Sahlstrom,isahlstromhr@whitehouse.gov,Male
641,Padraic,Gelardi,pgelardihs@xrea.com,Male
642,Jewel,Vasovic,jvasovicht@wix.com,Female
643,Mufi,Tarbin,mtarbinhu@g.co,Female
644,Anastasie,Erlam,aerlamhv@businessweek.com,Female
645,Katerine,Blench,kblenchhw@aol.com,Female
646,Saundra,Lettson,slettsonhx@gnu.org,Male
647,Bernadette,Gianelli,bgianellihy@wikispaces.com,Female
648,Bernard,Nappin,bnappinhz@who.int,Male
649,Jonathan,Tirrey,jtirreyi0@patch.com,Male
650,Tadd,Robertot,trobertoti1@guardian.co.uk,Male
651,Bart,Goscar,bgoscari2@oracle.com,Male
652,Claudio,Cubley,ccubleyi3@theatlantic.com,Male
653,Cleon,Hadgraft,chadgrafti4@cbslocal.com,Male
654,Veronique,Scherme,vschermei5@naver.com,Female
655,Nani,Stothart,nstotharti6@ifeng.com,Female
656,Claudette,Harrowell,charrowelli7@squidoo.com,Female
657,Herschel,Ableson,hablesoni8@tripod.com,Male
658,Sheilakathryn,Forth,sforthi9@hexun.com,Female
659,Elmira,Quin,equinia@blinklist.com,Female
660,Konstanze,Shimon,kshimonib@npr.org,Female
661,Cory,D'Alessandro,cdalessandroic@census.gov,Male
662,Yalonda,Kaplan,ykaplanid@qq.com,Female
663,Lemuel,McCroary,lmccroaryie@forbes.com,Male
664,Winni,Atley,watleyif@eventbrite.com,Female
665,Karolina,Chrismas,kchrismasig@who.int,Female
666,Sarajane,Chasmar,schasmarih@liveinternet.ru,Female
667,Nixie,Columbine,ncolumbineii@wunderground.com,Female
668,Orson,Dallinder,odallinderij@nhs.uk,Male
669,Ettie,Blazi,eblaziik@joomla.org,Female
670,Ann,Leport,aleportil@telegraph.co.uk,Female
671,Marion,Rosekilly,mrosekillyim@amazon.co.uk,Female
672,Verene,Oxbe,voxbein@stanford.edu,Female
673,Ricard,Halcro,rhalcroio@exblog.jp,Male
674,Kele,Tilmouth,ktilmouthip@hhs.gov,Male
675,Welsh,Noquet,wnoquetiq@artisteer.com,Male
676,Carmon,Guild,cguildir@dailymotion.com,Female
677,Virginie,Macer,vmaceris@list-manage.com,Female
678,Konstantine,Kurdani,kkurdaniit@example.com,Male
679,Electra,Ivanshintsev,eivanshintseviu@joomla.org,Female
680,Correy,Patten,cpatteniv@fda.gov,Male
681,Lexie,Fannin,lfanniniw@shop-pro.jp,Female
682,Hally,Dine-Hart,hdinehartix@moonfruit.com,Female
683,Peyter,Shotbolt,pshotboltiy@domainmarket.com,Male
684,Gran,Kilvington,gkilvingtoniz@amazon.de,Male
685,Rhodia,Brisbane,rbrisbanej0@apple.com,Female
686,Patrick,Gong,pgongj1@woothemes.com,Male
687,Bail,Grimmett,bgrimmettj2@slashdot.org,Male
688,Brew,O'Rudden,boruddenj3@ask.com,Male
689,Elena,Crone,ecronej4@nasa.gov,Female
690,Erskine,Zieme,eziemej5@cdbaby.com,Male
691,Lea,Nelthorp,lnelthorpj6@jigsy.com,Female
692,Knox,Terese,kteresej7@blogspot.com,Male
693,Donn,Lutton,dluttonj8@addtoany.com,Male
694,Aidan,Rosiello,arosielloj9@dropbox.com,Female
695,Stormy,Gosneye,sgosneyeja@wikipedia.org,Female
696,Elia,Debow,edebowjb@npr.org,Male
697,Sile,O'Sirin,sosirinjc@engadget.com,Female
698,Godwin,Oosthout de Vree,goosthoutdevreejd@constantcontact.com,Male
699,Merry,Rawlence,mrawlenceje@skyrock.com,Male
700,Bartlet,Salvin,bsalvinjf@hao123.com,Male
701,Bourke,Koba,bkobajg@elegantthemes.com,Male
702,Pietra,Videler,pvidelerjh@dot.gov,Female
703,Orrin,Angless,oanglessji@hao123.com,Male
704,Johnette,Mackleden,jmackledenjj@youtube.com,Female
705,Rosalinda,Presdie,rpresdiejk@spiegel.de,Female
706,Earlie,Phelps,ephelpsjl@tmall.com,Male
707,Murial,Gross,mgrossjm@g.co,Female
708,Valida,Blakeney,vblakeneyjn@mozilla.com,Female
709,Germaine,Nolleth,gnollethjo@weather.com,Male
710,Sholom,O'Coskerry,socoskerryjp@a8.net,Male
711,Hermon,Borland,hborlandjq@hatena.ne.jp,Male
712,Wendall,McLinden,wmclindenjr@barnesandnoble.com,Male
713,Alick,Klimkiewich,aklimkiewichjs@freewebs.com,Male
714,Abbot,Maydwell,amaydwelljt@hao123.com,Male
715,Chery,Daykin,cdaykinju@hatena.ne.jp,Female
716,Jamima,Morgue,jmorguejv@mac.com,Female
717,Jody,Berger,jbergerjw@rambler.ru,Female
718,Dasya,Spires,dspiresjx@nba.com,Female
719,Perrine,Devall,pdevalljy@51.la,Female
720,Nikola,Massenhove,nmassenhovejz@domainmarket.com,Male
721,Harri,Meric,hmerick0@wix.com,Female
722,Rona,Kluge,rklugek1@sciencedaily.com,Female
723,Talia,Disney,tdisneyk2@exblog.jp,Female
724,Aubert,Loudwell,aloudwellk3@ustream.tv,Male
725,Lotti,MacAfee,lmacafeek4@epa.gov,Female
726,Eileen,Lukianovich,elukianovichk5@hao123.com,Female
727,Esta,Gittus,egittusk6@ox.ac.uk,Female
728,Luca,Tuffrey,ltuffreyk7@cisco.com,Male
729,Kamilah,Pinniger,kpinnigerk8@arstechnica.com,Female
730,Ric,Duns,rdunsk9@freewebs.com,Male
731,Adolf,Hesbrook,ahesbrookka@joomla.org,Male
732,Avram,Rosendahl,arosendahlkb@ask.com,Male
733,Corney,Bolwell,cbolwellkc@paginegialle.it,Male
734,Garvy,Kelso,gkelsokd@themeforest.net,Male
735,Lyndel,Ferrers,lferrerske@netscape.com,Female
736,Kendra,McWilliams,kmcwilliamskf@qq.com,Female
737,Calvin,Begin,cbeginkg@nationalgeographic.com,Male
738,De,Sitlinton,dsitlintonkh@newyorker.com,Female
739,Glynda,Cardnell,gcardnellki@geocities.com,Female
740,Murvyn,Klyn,mklynkj@nature.com,Male
741,Hunter,Cheer,hcheerkk@fc2.com,Male
742,Dari,Joynson,djoynsonkl@chicagotribune.com,Female
743,Cecilius,Maken,cmakenkm@hostgator.com,Male
744,Liz,Gobell,lgobellkn@flickr.com,Female
745,Harli,Delap,hdelapko@yelp.com,Female
746,Olive,McMurty,omcmurtykp@kickstarter.com,Female
747,Charlton,Hallows,challowskq@imageshack.us,Male
748,Adena,Woolpert,awoolpertkr@ihg.com,Female
749,Andrew,Nekrews,anekrewsks@europa.eu,Male
750,Blake,Vasiltsov,bvasiltsovkt@cnet.com,Male
751,April,Hedworth,ahedworthku@amazon.com,Female
752,Tull,Azemar,tazemarkv@bizjournals.com,Male
753,Eileen,Ridpath,eridpathkw@mediafire.com,Female
754,Cristionna,Ruoss,cruosskx@pen.io,Female
755,Babbie,Karchewski,bkarchewskiky@nature.com,Female
756,Jeffy,Gaynsford,jgaynsfordkz@microsoft.com,Male
757,Lizbeth,Belliveau,lbelliveaul0@wikispaces.com,Female
758,Far,Rake,frakel1@wikimedia.org,Male
759,Crawford,Doutch,cdoutchl2@g.co,Male
760,Brietta,Whetton,bwhettonl3@bigcartel.com,Female
761,Melanie,Lomasny,mlomasnyl4@webmd.com,Female
762,Zaccaria,Woodham,zwoodhaml5@whitehouse.gov,Male
763,Yuri,Pavel,ypavell6@ted.com,Male
764,Vladimir,O'Sullivan,vosullivanl7@nifty.com,Male
765,Margarethe,Ollet,molletl8@bloglovin.com,Female
766,Kara-lynn,Cluitt,kcluittl9@tripadvisor.com,Female
767,Adolf,Wasselin,awasselinla@wikimedia.org,Male
768,Kiah,Tetther,ktettherlb@wufoo.com,Female
769,Gayla,Neaverson,gneaversonlc@arstechnica.com,Female
770,Vinny,Wind,vwindld@themeforest.net,Female
771,Matthias,Collyer,mcollyerle@ning.com,Male
772,Adelice,Pessolt,apessoltlf@dmoz.org,Female
773,Glenna,Slowey,gsloweylg@icq.com,Female
774,Yancey,Martynka,ymartynkalh@taobao.com,Male
775,Adrea,Mathan,amathanli@google.com.au,Female
776,Nikoletta,Foulstone,nfoulstonelj@php.net,Female
777,Hurley,Wilkennson,hwilkennsonlk@cam.ac.uk,Male
778,Kingsley,Gillino,kgillinoll@reference.com,Male
779,Vlad,Zanetto,vzanettolm@globo.com,Male
780,Genevra,Dimbleby,gdimblebyln@illinois.edu,Female
781,Ruggiero,Merrell,rmerrelllo@bbc.co.uk,Male
782,Trueman,Greve,tgrevelp@nydailynews.com,Male
783,Huntington,Finlay,hfinlaylq@cmu.edu,Male
784,Jeramie,Geffinger,jgeffingerlr@shop-pro.jp,Male
785,Yetty,Madigan,ymadiganls@posterous.com,Female
786,Ginelle,Bolletti,gbollettilt@instagram.com,Female
787,Clive,Crew,ccrewlu@smh.com.au,Male
788,Zach,Devigne,zdevignelv@bandcamp.com,Male
789,Tammara,Hugland,thuglandlw@example.com,Female
790,Marylou,O' Mullane,momullanelx@comcast.net,Female
791,Aldridge,Allbones,aallbonesly@ted.com,Male
792,Eva,Bartot,ebartotlz@mail.ru,Female
793,Georgina,Arnaut,garnautm0@discovery.com,Female
794,Heath,Rotherforth,hrotherforthm1@walmart.com,Male
795,Rafi,Rustan,rrustanm2@newsvine.com,Male
796,Nonie,Voyce,nvoycem3@dmoz.org,Female
797,Zonnya,Crookston,zcrookstonm4@webnode.com,Female
798,Nico,Barette,nbarettem5@i2i.jp,Male
799,Alano,Stobo,astobom6@jiathis.com,Male
800,Benedikta,Housegoe,bhousegoem7@github.io,Female
801,Bonnibelle,Goggins,bgogginsm8@google.fr,Female
802,Stavros,De Giorgis,sdegiorgism9@tinypic.com,Male
803,Gerome,Fould,gfouldma@cdc.gov,Male
804,Cherie,Maleney,cmaleneymb@marketwatch.com,Female
805,Elbert,Sharp,esharpmc@freewebs.com,Male
806,Gardy,Whibley,gwhibleymd@alibaba.com,Male
807,Briant,Polson,bpolsonme@example.com,Male
808,Suzie,Freckleton,sfreckletonmf@zimbio.com,Female
809,Barnabe,Byng,bbyngmg@blogs.com,Male
810,Janenna,Exley,jexleymh@bloomberg.com,Female
811,Margalo,Breawood,mbreawoodmi@dropbox.com,Female
812,Griffin,Caustic,gcausticmj@cnbc.com,Male
813,Bonni,Benito,bbenitomk@weibo.com,Female
814,Lillis,Olliver,lolliverml@google.fr,Female
815,Dylan,Danilchenko,ddanilchenkomm@github.io,Male
816,Jobey,Wesgate,jwesgatemn@toplist.cz,Female
817,Laurent,Rippin,lrippinmo@blogger.com,Male
818,Gaynor,Keohane,gkeohanemp@walmart.com,Female
819,Gabrielle,Leader,gleadermq@mozilla.com,Female
820,Joeann,Labin,jlabinmr@cdbaby.com,Female
821,Gusta,Dummigan,gdummiganms@netscape.com,Female
822,Herbie,Cornfoot,hcornfootmt@google.com.br,Male
823,Marijo,Jovovic,mjovovicmu@forbes.com,Female
824,Sig,Jarmain,sjarmainmv@live.com,Male
825,Leia,Vanner,lvannermw@google.ca,Female
826,Melany,Harrower,mharrowermx@samsung.com,Female
827,Edgard,Canelas,ecanelasmy@usatoday.com,Male
828,Micheal,Herrero,mherreromz@adobe.com,Male
829,Isabel,Chismon,ichismonn0@latimes.com,Female
830,Matias,Roggerone,mroggeronen1@noaa.gov,Male
831,Pooh,Falla,pfallan2@com.com,Male
832,Hartley,Dyson,hdysonn3@tuttocitta.it,Male
833,Beilul,Geydon,bgeydonn4@wufoo.com,Female
834,Demeter,Donaghy,ddonaghyn5@blogspot.com,Female
835,Alexandro,O'Scanlan,aoscanlann6@apache.org,Male
836,Leontine,Eby,lebyn7@howstuffworks.com,Female
837,Dede,Bygraves,dbygravesn8@liveinternet.ru,Female
838,Rabi,Grunbaum,rgrunbaumn9@woothemes.com,Male
839,Garek,Gori,ggorina@dailymail.co.uk,Male
840,Amabelle,Toll,atollnb@ca.gov,Female
841,Normy,Hourston,nhourstonnc@cornell.edu,Male
842,Nikolaos,Petrolli,npetrollind@naver.com,Male
843,Angelina,Veronique,averoniquene@jalbum.net,Female
844,Seward,Snelgrove,ssnelgrovenf@uiuc.edu,Male
845,Georgeanne,Woof,gwoofng@hostgator.com,Female
846,Ardith,Hurran,ahurrannh@vistaprint.com,Female
847,Margette,Lalonde,mlalondeni@smh.com.au,Female
848,Thorn,Dunsmore,tdunsmorenj@naver.com,Male
849,Chris,Paulin,cpaulinnk@accuweather.com,Male
850,Reinwald,Jeeks,rjeeksnl@guardian.co.uk,Male
851,Bertie,Habishaw,bhabishawnm@bandcamp.com,Female
852,Finley,Orritt,forrittnn@wisc.edu,Male
853,Dex,Di Biaggi,ddibiaggino@symantec.com,Male
854,Peggy,Liley,plileynp@wisc.edu,Female
855,Kelcy,Jugging,kjuggingnq@paypal.com,Female
856,Ruthi,Ubach,rubachnr@deliciousdays.com,Female
857,Reinald,Vyvyan,rvyvyanns@time.com,Male
858,Gary,Anthiftle,ganthiftlent@slate.com,Male
859,Ermina,Earlam,eearlamnu@umn.edu,Female
860,Frieda,Barthelemy,fbarthelemynv@indiatimes.com,Female
861,Konstanze,Farland,kfarlandnw@goo.ne.jp,Female
862,Bonnee,Magenny,bmagennynx@marriott.com,Female
863,Allys,Twizell,atwizellny@twitter.com,Female
864,Laurene,Cicchillo,lcicchillonz@netvibes.com,Female
865,Jillian,Loft,jlofto0@arstechnica.com,Female
866,Arne,Paolozzi,apaolozzio1@dropbox.com,Male
867,Margaret,Mc Cahey,mmccaheyo2@digg.com,Female
868,Ysabel,Heaseman,yheasemano3@themeforest.net,Female
869,Abner,Stanyer,astanyero4@people.com.cn,Male
870,Kristal,O'Mohun,komohuno5@webeden.co.uk,Female
871,Goldarina,Birdwhistle,gbirdwhistleo6@digg.com,Female
872,Filberte,Kinchin,fkinchino7@google.es,Male
873,Philipa,Petett,ppetetto8@webnode.com,Female
874,Alex,Klimes,aklimeso9@typepad.com,Male
875,Piggy,Barclay,pbarclayoa@uol.com.br,Male
876,Bridie,McSorley,bmcsorleyob@japanpost.jp,Female
877,Marie,Tocher,mtocheroc@hostgator.com,Female
878,Susette,Ambrosoni,sambrosoniod@github.io,Female
879,Rozamond,Lippard,rlippardoe@chicagotribune.com,Female
880,Abey,Nail,anailof@google.nl,Male
881,Zedekiah,Laister,zlaisterog@nyu.edu,Male
882,Jamaal,Springtorp,jspringtorpoh@xrea.com,Male
883,Ferrell,O' Reagan,foreaganoi@soundcloud.com,Male
884,Adoree,Gordge,agordgeoj@bravesites.com,Female
885,Lovell,Pollak,lpollakok@dailymotion.com,Male
886,Elianore,Bertomier,ebertomierol@dmoz.org,Female
887,Tootsie,Weigh,tweighom@ihg.com,Female
888,Elwyn,Hunday,ehundayon@harvard.edu,Male
889,Claribel,Seiller,cseilleroo@google.com.br,Female
890,Kippie,Tuma,ktumaop@nps.gov,Male
891,Alwin,Peddar,apeddaroq@tumblr.com,Male
892,Heinrik,Martindale,hmartindaleor@shutterfly.com,Male
893,Marcia,Olanda,molandaos@altervista.org,Female
894,Junina,Arnatt,jarnattot@icio.us,Female
895,Leland,Schuck,lschuckou@uiuc.edu,Male
896,Hilton,Creffeild,hcreffeildov@spotify.com,Male
897,Sabina,MacDowal,smacdowalow@archive.org,Female
898,Auguste,Garm,agarmox@usgs.gov,Female
899,Orlando,Mawby,omawbyoy@google.co.uk,Male
900,Titos,Le Clercq,tleclercqoz@webmd.com,Male
901,Sonja,Osman,sosmanp0@deviantart.com,Female
902,York,Tripon,ytriponp1@pbs.org,Male
903,Verney,Kitchingham,vkitchinghamp2@shareasale.com,Male
904,Cazzie,Rannells,crannellsp3@weather.com,Male
905,Chas,Hatliff,chatliffp4@deliciousdays.com,Male
906,Stephine,Shottin,sshottinp5@businessweek.com,Female
907,Margette,Heinritz,mheinritzp6@meetup.com,Female
908,Homere,Beeby,hbeebyp7@nymag.com,Male
909,Jocelin,Boulding,jbouldingp8@imgur.com,Female
910,Hatty,Chatan,hchatanp9@4shared.com,Female
911,Ortensia,Bradshaw,obradshawpa@canalblog.com,Female
912,Sterling,Chattelaine,schattelainepb@cmu.edu,Male
913,Piotr,Jancic,pjancicpc@ehow.com,Male
914,Leslie,Woodington,lwoodingtonpd@slideshare.net,Male
915,Florette,Szantho,fszanthope@deliciousdays.com,Female
916,Fairlie,Bramhall,fbramhallpf@virginia.edu,Male
917,Doralynn,Stearnes,dstearnespg@twitpic.com,Female
918,Angelico,Chinery,achineryph@bandcamp.com,Male
919,Colan,McCallum,cmccallumpi@webnode.com,Male
920,Florencia,Glencorse,fglencorsepj@businessweek.com,Female
921,Correna,Iddins,ciddinspk@bloomberg.com,Female
922,Nissie,Lynes,nlynespl@histats.com,Female
923,Freeman,Morefield,fmorefieldpm@unc.edu,Male
924,Cassandra,Romme,crommepn@sciencedirect.com,Female
925,Riobard,McGahey,rmcgaheypo@intel.com,Male
926,Cleveland,Polkinhorn,cpolkinhornpp@epa.gov,Male
927,Nikita,Comins,ncominspq@nsw.gov.au,Male
928,Ambrosi,Morad,amoradpr@patch.com,Male
929,Maria,Salkild,msalkildps@feedburner.com,Female
930,Brinna,Juzek,bjuzekpt@blogs.com,Female
931,Janel,Meachen,jmeachenpu@cbc.ca,Female
932,Gonzales,Hemphill,ghemphillpv@networkadvertising.org,Male
933,Max,Ducham,mduchampw@princeton.edu,Male
934,Jessee,Berthouloume,jberthouloumepx@mysql.com,Male
935,Rosetta,Schurig,rschurigpy@amazon.de,Female
936,Maryjo,Lanmeid,mlanmeidpz@cam.ac.uk,Female
937,Andie,Buche,abucheq0@intel.com,Female
938,Brigitte,Draycott,bdraycottq1@xrea.com,Female
939,Michaela,Curtayne,mcurtayneq2@homestead.com,Female
940,Lucia,Franiak,lfraniakq3@mail.ru,Female
941,Kelcie,Carnelley,kcarnelleyq4@bandcamp.com,Female
942,Barbara,McRoberts,bmcrobertsq5@nyu.edu,Female
943,Cazzie,Goulter,cgoulterq6@joomla.org,Male
944,Corliss,Rheaume,crheaumeq7@loc.gov,Female
945,Ava,Reason,areasonq8@umn.edu,Female
946,Jaimie,Burtenshaw,jburtenshawq9@godaddy.com,Male
947,Boycie,Maior,bmaiorqa@liveinternet.ru,Male
948,Melvin,Monkley,mmonkleyqb@ustream.tv,Male
949,Zahara,Bidewell,zbidewellqc@posterous.com,Female
950,Jordan,Kennady,jkennadyqd@jalbum.net,Male
951,Rosamond,De Brett,rdebrettqe@cisco.com,Female
952,Uriah,Maryott,umaryottqf@globo.com,Male
953,Yoshi,Knevett,yknevettqg@bloglines.com,Female
954,Ibbie,Ceeley,iceeleyqh@paypal.com,Female
955,Gusella,Samworth,gsamworthqi@bloglines.com,Female
956,Fairlie,Clohissy,fclohissyqj@stanford.edu,Male
957,Joscelin,Skells,jskellsqk@netvibes.com,Female
958,Rip,Tie,rtieql@nhs.uk,Male
959,Livia,McGrayle,lmcgrayleqm@reference.com,Female
960,Rudy,Weeke,rweekeqn@nhs.uk,Male
961,Waly,Ickowics,wickowicsqo@about.me,Female
962,Gilberta,Owthwaite,gowthwaiteqp@fema.gov,Female
963,Mozes,Woodruff,mwoodruffqq@zdnet.com,Male
964,Tobiah,Oppery,topperyqr@nifty.com,Male
965,Skipton,Blackden,sblackdenqs@vkontakte.ru,Male
966,Percival,Wytchard,pwytchardqt@chicagotribune.com,Male
967,Stavros,Kellough,skelloughqu@booking.com,Male
968,Correy,Ianiello,cianielloqv@hexun.com,Female
969,Tamar,Greensitt,tgreensittqw@businessweek.com,Female
970,Baxy,Satford,bsatfordqx@google.ca,Male
971,Cobbie,Godmar,cgodmarqy@imdb.com,Male
972,Ninnetta,Sewley,nsewleyqz@eepurl.com,Female
973,Goddard,Perett,gperettr0@nyu.edu,Male
974,Baird,Capponer,bcapponerr1@independent.co.uk,Male
975,Austen,Virgin,avirginr2@bloomberg.com,Male
976,Frances,Devoy,fdevoyr3@adobe.com,Female
977,Kermit,Bentham3,kbenthamr4@guardian.co.uk,Male
978,Karel,Dragge,kdragger5@nymag.com,Male
979,Anny,Francesconi,afrancesconir6@phpbb.com,Female
980,Collie,Gristock,cgristockr7@amazon.co.uk,Female
981,Nerita,Botterman,nbottermanr8@cbsnews.com,Female
982,Marji,Probate,mprobater9@java.com,Female
983,Christean,Sibbert,csibbertra@boston.com,Female
984,Washington,Hatrick,whatrickrb@tripadvisor.com,Male
985,Mortimer,Gorvin,mgorvinrc@google.ca,Male
986,Rodge,Allner,rallnerrd@ftc.gov,Male
987,Yulma,Pyvis,ypyvisre@merriam-webster.com,Male
988,Florella,Pere,fpererf@liveinternet.ru,Female
989,Brand,Batisse,bbatisserg@google.com.br,Male
990,Lu,Langthorn,llangthornrh@java.com,Female
991,Bennett,Tankard,btankardri@symantec.com,Male
992,Lucas,Innis,linnisrj@washington.edu,Male
993,Hilton,McKinn,hmckinnrk@shutterfly.com,Male
994,Lannie,Wildsmith,lwildsmithrl@bing.com,Male
995,Devonne,Gillespie,dgillespierm@alexa.com,Female
996,Leanna,Labroue,llabrouern@trellian.com,Female
997,Pippy,O'Sheerin,posheerinro@nhs.uk,Female
998,Curran,Tedstone,ctedstonerp@squidoo.com,Male
999,Gussy,Buten,gbutenrq@usatoday.com,Female
1000,Pearla,Benedick,pbenedickrr@list-manage.com,Female
